{
  "scenario": "cp3_focus_cache_benchmark",
  "generatedAt": "2026-02-13T19:51:20.501Z",
  "acceptanceChecks": {
    "cachedP95Improves": true,
    "cachedMaxBounded": true,
    "cacheHitRatioHealthy": true
  },
  "metrics": {
    "sampleCount": 120,
    "uncached": {
      "p95Ms": 1.1221259999999944,
      "maxMs": 1.7475479999999948
    },
    "cached": {
      "p95Ms": 0.002394000000009555,
      "maxMs": 1.1640600000000063,
      "hitRatio": 0.9916666666666667
    }
  }
}
